iso3,location,location_type,year,urban_share,urban_population,rural_population,urban_growth,rural_growth
,AFRICA,Geographic region,1950,14.578,33205.139,194571.276,4.0992,1.7022
,AFRICA,Geographic region,1970,22.7981,83338.76,282213.116,4.7046,2.047
,AFRICA,Geographic region,1990,32.3554,208295.789,435479.241,4.199,2.0252
,AFRICA,Geographic region,2010,40.3132,432244.723,639971.777,3.5552,1.9639
,AFRICA,Geographic region,2020,44.261,611165.403,769655.765,3.3129,1.6687
,AFRICA,Geographic region,2025,46.4304,719609.067,830258.516,3.2322,1.4142
,ASIA,Geographic region,1950,15.9475,218173.604,1149901.819,6.084,1.1335
,ASIA,Geographic region,1970,23.5778,503989.351,1633569.693,3.2365,2.2053
,ASIA,Geographic region,1990,31.7737,1019898.632,2189983.984,2.7779,1.501
,ASIA,Geographic region,2010,44.7862,1898854.144,2340968.526,2.7474,-0.1123
,ASIA,Geographic region,2020,51.89,2432662.612,2255450.759,1.5902,-0.2339
,ASIA,Geographic region,2025,53.6051,2591977.38,2243342.681,1.1308,-0.0569
,EUROPE,Geographic region,1950,51.2501,281294.92,267572.556,2.0385,-0.2125
,EUROPE,Geographic region,1970,63.3181,415999.108,240999.443,1.2791,-0.8614
,EUROPE,Geographic region,1990,70.3606,509508.482,214630.92,0.5444,-0.0711
,EUROPE,Geographic region,2010,72.9962,538817.857,199327.466,0.4021,-0.4893
,EUROPE,Geographic region,2020,74.6574,559574.845,189949.197,0.0495,-0.5678
,EUROPE,Geographic region,2025,75.3897,561200.001,183198.832,0.0959,-0.7181
,LATIN AMERICA AND THE CARIBBEAN,Geographic region,1950,42.1027,70640.818,97141.344,4.1475,1.4206
,LATIN AMERICA AND THE CARIBBEAN,Geographic region,1970,56.5093,161470.242,124270.689,3.8806,0.5645
,LATIN AMERICA AND THE CARIBBEAN,Geographic region,1990,70.7893,312806.983,129077.673,2.5601,0.215
,LATIN AMERICA AND THE CARIBBEAN,Geographic region,2010,78.3985,461695.104,127212.74,1.3294,0.1116
,LATIN AMERICA AND THE CARIBBEAN,Geographic region,2020,80.4546,520323.796,126405.59,0.8795,-0.387
,LATIN AMERICA AND THE CARIBBEAN,Geographic region,2025,81.52,544462.509,123426.043,0.9386,-0.6346
,NORTHERN AMERICA,Geographic region,1950,63.8222,107227.197,60782.141,2.6109,-0.3803
,NORTHERN AMERICA,Geographic region,1970,73.7309,169094.208,60245.378,1.4899,1.1094
,NORTHERN AMERICA,Geographic region,1990,75.4021,212092.781,69189.591,1.5301,0.3254
,NORTHERN AMERICA,Geographic region,2010,80.735,278847.446,66538.606,1.0089,0.9276
,NORTHERN AMERICA,Geographic region,2020,80.1995,302941.102,74793.248,0.2431,0.2113
,NORTHERN AMERICA,Geographic region,2025,80.4747,311862.277,75666.127,0.6653,0.1189
,OCEANIA,Geographic region,1950,59.0204,7425.97,5156.073,3.8919,1.0888
,OCEANIA,Geographic region,1970,70.8515,13811.665,5682.147,3.8371,0.2088
,OCEANIA,Geographic region,1990,71.1403,19093.374,7745.661,1.8271,1.9656
,OCEANIA,Geographic region,2010,67.8336,25270.567,11983.2,1.5341,2.0405
,OCEANIA,Geographic region,2020,67.4799,29744.461,14334.511,0.869,1.5233
,OCEANIA,Geographic region,2025,67.627,31520.709,15088.934,1.2305,0.8509
ABW,Aruba,Country/Area,2025,61.7485249229588,66.7791772484323,41.3678227515677,-0.0201,0.1557
AFG,Afghanistan,Country/Area,2025,25.9401644699898,11373.2347632065,32470.8772367935,3.6911,2.3646
AGO,Angola,Country/Area,2025,71.4615915176085,27898.633198495,11141.405801505,4.1082,0.1465
AIA,Anguilla,Country/Area,2025,100,14.728,0,0.7333,0
ALB,Albania,Country/Area,2025,58.871474331067,1631.62762080347,1139.88037919653,-0.2045,-1.525
AND,Andorra,Country/Area,2025,88.9492672283129,73.7425005029605,9.16149949703947,1.1514,0.5011
ARE,United Arab Emirates,Country/Area,2025,85.9617641324017,9753.2217584623,1592.7782415377,2.4727,1.2925
ARG,Argentina,Country/Area,2025,92.3519221615173,42344.6289205431,3506.74907945693,0.4182,-0.667
ARM,Armenia,Country/Area,2025,65.9287015589872,1946.45590978199,1005.90909021801,-0.559,-1.0813
ASM,American Samoa,Country/Area,2025,80.5123508239818,37.0582248372623,8.96977516273765,-2.1065,0.6648
ATG,Antigua and Barbuda,Country/Area,2025,24.3334834700661,22.9240881074799,71.2839118925201,0.2246,0.5296
AUS,Australia,Country/Area,2025,87.7192672666333,23661.4179595112,3312.60804048885,1.09,0.0069
AUT,Austria,Country/Area,2025,69.7152152366353,6353.54772985003,2760.02627014997,0.2926,-0.9126
AZE,Azerbaijan,Country/Area,2025,58.6371024281175,6096.91762199169,4300.79537800831,0.67,0.415
BDI,Burundi,Country/Area,2025,25.6870184681663,3696.3624713095,10693.6395286905,5.4785,1.2729
BEL,Belgium,Country/Area,2025,87.6726083114649,10309.0739510902,1449.52904890984,0.2166,-0.3322
BEN,Benin,Country/Area,2025,53.3620073968188,7905.29324099876,6909.16675900124,3.9343,0.6197
BES,"Bonaire, Sint Eustatius and Saba",Country/Area,2025,81.1028637244109,25.4160154339559,5.92198456604412,1.9715,2.059
BFA,Burkina Faso,Country/Area,2025,28.9226360719085,6963.00315924047,17111.5768407595,4.2825,1.3305
BGD,Bangladesh,Country/Area,2025,33.2395847043975,58397.5959400301,117289.30405997,2.9669,0.3466
BGR,Bulgaria,Country/Area,2025,74.1727501848475,4980.3738148117,1734.1861851883,-0.3716,-1.5388
BHR,Bahrain,Country/Area,2025,100,1643.332,0,2.0737,0
BHS,Bahamas,Country/Area,2025,81.3309172016028,327.790435525136,75.2425644748642,0.4221,0.3738
BIH,Bosnia and Herzegovina,Country/Area,2025,52.6915440779561,1654.56506793014,1485.53093206986,0.2809,-2.0269
BLM,Saint Barthélemy,Country/Area,2025,100,11.414,1.77635683940025e-15,1.323,0
BLR,Belarus,Country/Area,2025,79.4945820380127,7152.60689828969,1844.99610171031,-0.238,-2.3175
BLZ,Belize,Country/Area,2025,41.5621435428272,175.776279957067,247.147720042933,0.9035,1.6864
BMU,Bermuda,Country/Area,2025,100,64.554,0,-0.1441,0
BOL,Bolivia (Plurinational State of),Country/Area,2025,71.5631037265869,9003.95664117528,3577.88535882472,1.797,0.1752
BRA,Brazil,Country/Area,2025,88.1772996487898,187652.232046646,25160.1729533538,0.687,-2.0259
BRB,Barbados,Country/Area,2025,59.6996239887007,168.724868305586,113.898131694414,0.3498,-0.405
BRN,Brunei Darussalam,Country/Area,2025,75.0109886586819,349.798743412031,116.531256587969,0.9264,0.2338
BTN,Bhutan,Country/Area,2025,43.4301832473753,346.000452498854,450.681547501146,2.7228,-0.8753
BWA,Botswana,Country/Area,2025,67.9559561532102,1741.11450291175,821.007497088248,2.3566,-0.0296
CAF,Central African Republic,Country/Area,2025,44.5532156681816,2456.34441985504,3056.93758014496,4.3091,2.5671
CAN,Canada,Country/Area,2025,82.8757020253886,33255.3033860331,6871.41961396692,1.1107,-0.1264
CHE,Switzerland,Country/Area,2025,85.7272157802756,7687.5092060577,1279.8987939423,0.7837,-1.345
CHL,Chile,Country/Area,2025,89.1772830019223,17710.5379541282,2149.3830458718,0.6572,-1.2462
CHN,China,Country/Area,2025,66.3429910348272,939480.504686958,476615.589313042,0.4617,-1.5974
CIV,Côte d'Ivoire,Country/Area,2025,54.5489501450761,17843.8054647131,14867.7415352869,3.4543,1.1124
CMR,Cameroon,Country/Area,2025,55.6692041661323,16633.5891180167,13245.7478819833,3.0098,1.9492
COD,Democratic Republic of the Congo,Country/Area,2025,45.1135633042151,50902.7491345664,61929.7238654336,3.9972,2.5154
COG,Congo,Country/Area,2025,64.1236534817412,4158.05791212181,2326.37908787819,2.7439,1.6419
COK,Cook Islands,Country/Area,2025,76.8954374579919,10.1986418700535,3.06435812994653,-3.09,-4.5983
COL,Colombia,Country/Area,2025,78.7827914751151,42090.2066163061,11335.4283836939,1.3255,-0.2883
COM,Comoros,Country/Area,2025,33.941547481361,299.652273108246,583.195726891754,3.0395,1.2156
CPV,Cabo Verde,Country/Area,2025,77.6300668010068,409.363526059077,117.962473940923,1.5494,-3.367
CRI,Costa Rica,Country/Area,2025,79.7268137993004,4108.28285167105,1044.66714832895,0.9486,-1.5853
CUB,Cuba,Country/Area,2025,77.2270774821152,8446.483007457,2490.720992543,-0.3066,-0.7083
CUW,Curaçao,Country/Area,2025,91.4727714986125,169.670099669631,15.8169003303686,0.0352,-0.5797
CYM,Cayman Islands,Country/Area,2025,100,75.844,0,1.8051,0
CYP,Cyprus,Country/Area,2025,66.6950270703775,914.224751368282,456.529248631717,0.9015,0.8351
CZE,Czechia,Country/Area,2025,72.8754367116112,7731.52998178294,2877.71001821706,-1.2121,-1.6728
DEU,Germany,Country/Area,2025,82.13822205362,69057.7717952476,15017.3032047524,-0.652,-1.4478
DJI,Djibouti,Country/Area,2025,72.9758660686475,864.089715910999,319.986284089001,1.3634,1.0088
DMA,Dominica,Country/Area,2025,73.9861616678942,48.7361644138753,17.1358355861247,0.0376,-2.2722
DNK,Denmark,Country/Area,2025,88.8458435892689,5332.97798065492,669.529019345084,0.5546,-0.9564
DOM,Dominican Republic,Country/Area,2025,72.517694062591,8354.39151718057,3166.09548281943,0.9664,0.3153
DZA,Algeria,Country/Area,2025,75.8187358069877,35964.8538845003,11470.4581154997,1.9876,-0.935
ECU,Ecuador,Country/Area,2025,63.3918189058262,11594.297750384,6695.59824961605,1.1246,0.3554
EGY,Egypt,Country/Area,2025,42.9043204925248,50784.1254199227,67581.8685800773,1.724,1.273
ERI,Eritrea,Country/Area,2025,34.5404504255216,1245.87508306208,2361.12791693792,2.1059,2.0719
ESH,Western Sahara,Country/Area,2025,86.8835241897169,522.086572196976,78.8174278030236,1.7953,0.9848
ESP,Spain,Country/Area,2025,80.5149251039138,38558.5638159958,9331.39418400422,0.1923,-1.1222
EST,Estonia,Country/Area,2025,70.7208526598129,950.652332126056,393.579667873944,-1.4024,-1.5084
ETH,Ethiopia,Country/Area,2025,24.1096952088946,32661.8985893382,102810.152410662,4.5193,1.8861
FIN,Finland,Country/Area,2025,74.5247844319848,4190.77456039913,1432.55543960087,0.376,-0.9949
FJI,Fiji,Country/Area,2025,59.5444551836369,555.641465324315,377.512534675685,1.2406,-0.6972
FLK,Falkland Islands (Malvinas),Country/Area,2025,81.5297831140876,2.8282681762277,0.640731823772301,0.2181,-1.5868
FRA,France,Country/Area,2025,78.8449650563584,52550.8031235819,14100.0008764181,0.221,-0.1159
FRO,Faroe Islands,Country/Area,2025,39.643321785446,22.2010530662855,33.8009469337145,1.5969,0.6049
FSM,Micronesia (Fed. States of),Country/Area,2025,22.4809290622703,25.5569945858607,88.1260054141393,0.5622,0.4157
GAB,Gabon,Country/Area,2025,92.0876666682068,2387.95291067327,205.177089326729,2.3294,-0.7041
GBR,United Kingdom,Country/Area,2025,83.323608078271,57952.6792888971,11598.6527111029,0.6648,0.0922
GEO,Georgia,Country/Area,2025,61.1781364090406,2328.85037702339,1477.82062297661,0.1283,-0.3145
GGY,Guernsey,Country/Area,2025,29.5954865352818,19.0819858984883,45.3940141015117,0.0654,0.3492
GHA,Ghana,Country/Area,2025,58.9246861473125,20661.51222584,14402.75977416,2.7633,0.4504
GIB,Gibraltar,Country/Area,2025,100,40.126,0,1.929,0
GIN,Guinea,Country/Area,2025,38.5165334466562,5815.89140030878,9283.83559969123,3.4556,1.5342
GLP,Guadeloupe,Country/Area,2025,96.4485817410275,360.516118175604,13.2748818243959,-0.3369,-0.8696
GMB,Gambia,Country/Area,2025,64.9884861325581,1834.03551795289,988.057482047107,3.291,0.1714
GNB,Guinea-Bissau,Country/Area,2025,46.6510315281292,1049.42195188,1200.09304812,3.3983,1.0605
GNQ,Equatorial Guinea,Country/Area,2025,71.5761028458697,1387.45336615622,550.97763384378,2.6737,1.6223
GRC,Greece,Country/Area,2025,79.2246082848537,7874.01022704268,2064.83377295731,-0.1167,-1.5182
GRD,Grenada,Country/Area,2025,36.6708064336827,43.0163227789672,74.2876772210329,0.3786,-0.1021
GRL,Greenland,Country/Area,2025,88.5740108655152,49.3755823569814,6.36941764301855,0.1014,-2.4029
GTM,Guatemala,Country/Area,2025,56.2972033013999,10520.7543592937,8167.12664070632,2.1068,0.7233
GUF,French Guiana,Country/Area,2025,86.6156946554754,271.683984798043,41.9820152019565,1.7036,1.2737
GUM,Guam,Country/Area,2025,94.2197463433641,159.230429122822,9.76857087717812,0.7644,-0.1856
GUY,Guyana,Country/Area,2025,26.4913876548981,221.464292000676,614.521707999324,0.6386,0.5656
HKG,"China, Hong Kong SAR",Country/Area,2025,100,7396.076,0,-0.018,0
HND,Honduras,Country/Area,2025,59.2517075900659,6521.15405980127,4484.69594019873,2.4155,0.494
HRV,Croatia,Country/Area,2025,57.8144543604143,2224.79270691572,1623.36729308428,-0.1452,-1.4218
HTI,Haiti,Country/Area,2025,55.6148855859942,6621.56166815863,5284.53433184137,2.1411,-0.1782
HUN,Hungary,Country/Area,2025,70.6936831786278,6809.41845463615,2822.86854536385,-0.3397,-1.3245
IDN,Indonesia,Country/Area,2025,59.3929063969984,169698.146253827,116023.089746173,1.8579,-0.8229
IMN,Isle of Man,Country/Area,2025,52.1358064010515,43.8555976284365,40.2624023715635,-0.1302,-0.0047
IND,India,Country/Area,2025,35.689155772396,522441.247515653,941424.277484347,1.7465,0.3968
IRL,Ireland,Country/Area,2025,64.5875793756168,3428.3339024137,1879.7050975863,1.3373,0.2665
IRN,Iran (Islamic Republic of),Country/Area,2025,77.3761530941751,71509.2463366464,20908.4346633536,1.3208,-0.72
IRQ,Iraq,Country/Area,2025,69.9396739468105,32886.1760228666,14134.5979771334,2.2065,1.8656
ISL,Iceland,Country/Area,2025,94.2179320191117,375.237989135235,23.0280108647646,1.1527,0.4552
ISR,Israel,Country/Area,2025,91.5783060866328,8715.6722312158,801.507768784202,1.419,0.778
ITA,Italy,Country/Area,2025,69.680861801678,41213.6236914612,17932.6363085388,-0.2361,-0.621
JAM,Jamaica,Country/Area,2025,59.4254051751628,1685.94450238135,1151.13249761865,0.7447,-1.3427
JEY,Jersey,Country/Area,2025,34.5326978930269,35.9098618850008,68.0781381149992,-0.0876,0.2328
JOR,Jordan,Country/Area,2025,93.2085150119551,10738.2584756199,782.425524380091,-0.6675,-4.6735
JPN,Japan,Country/Area,2025,92.3001449420786,113624.689545741,9478.7894542587,-0.4179,-1.9832
KAZ,Kazakhstan,Country/Area,2025,62.3855569507987,13003.4920223544,7840.26197764562,1.6771,0.3515
KEN,Kenya,Country/Area,2025,32.2121192871745,18532.4349519241,39000.0570480759,2.9925,1.4041
KGZ,Kyrgyzstan,Country/Area,2025,34.7463537261057,2534.75831807968,4760.27568192032,1.5525,1.4258
KHM,Cambodia,Country/Area,2025,41.10561939401,7336.52355043141,10511.4584495686,1.7131,0.7729
KIR,Kiribati,Country/Area,2025,63.3850857782871,86.5130358770685,49.9749641229315,2.8792,-1.0642
KNA,Saint Kitts and Nevis,Country/Area,2025,31.8987713138283,14.9675414758745,31.9544585241255,0.5043,0.0047
KOR,Republic of Korea,Country/Area,2025,81.1740263306674,41940.2077247336,9726.82127526644,-0.1078,-0.1534
KWT,Kuwait,Country/Area,2025,100,5026.078,0,1.6397,0
LAO,Lao People's Democratic Republic,Country/Area,2025,40.3129835040701,3173.85973524785,4699.18626475215,3.1893,0.0199
LBN,Lebanon,Country/Area,2025,90.9602314263044,5320.64596909653,528.774030903465,1.0262,-1.5121
LBR,Liberia,Country/Area,2025,56.0819747159338,3214.17349983808,2517.03250016192,3.0283,0.8183
LBY,Libya,Country/Area,2025,87.9112413015221,6556.90740454433,901.646595455671,1.0796,0.8103
LCA,Saint Lucia,Country/Area,2025,29.096571131107,52.417181926978,127.731818073022,0.2017,0.2069
LIE,Liechtenstein,Country/Area,2025,14.6298998993293,5.87068623160286,34.2573137683971,0.4053,0.6545
LKA,Sri Lanka,Country/Area,2025,20.4501355167937,4750.45809483294,18479.0119051671,1.2495,0.3366
LSO,Lesotho,Country/Area,2025,44.6695855817109,1055.68748344897,1307.63751655103,3.3042,-0.6902
LTU,Lithuania,Country/Area,2025,69.0816381352764,1955.10983678724,875.034163212763,-1.1365,-2.3203
LUX,Luxembourg,Country/Area,2025,94.8841729598587,645.643150272277,34.8108497277231,1.0953,0.2857
LVA,Latvia,Country/Area,2025,68.6325719753517,1272.14521478061,581.413785219391,-0.8987,-1.6425
MAC,"China, Macao SAR",Country/Area,2025,100,722.007,0,0.097,
MAF,Saint Martin (French part),Country/Area,2025,100,24.94,0,-4.3751,0
MAR,Morocco,Country/Area,2025,63.1278612260269,24260.5231536936,14170.2468463064,1.4433,-0.0755
MCO,Monaco,Country/Area,2025,100,38.341,0,-0.7512,0
MDA,Republic of Moldova,Country/Area,2025,43.7336240404545,1310.3057338935,1685.8002661065,-0.8998,-1.7209
MDG,Madagascar,Country/Area,2025,32.9017070836898,10772.2419727741,21968.4360272259,3.8194,1.6702
MDV,Maldives,Country/Area,2025,42.5061567995467,225.144911089567,304.531088910433,1.5686,-0.5542
MEX,Mexico,Country/Area,2025,80.0408930629723,105611.477128907,26335.422871093,1.1711,-0.6464
MHL,Marshall Islands,Country/Area,2025,79.105503091452,28.7010586316406,7.58094136835939,-3.0129,-5.2685
MKD,North Macedonia,Country/Area,2025,62.8909857826036,1140.71103993614,673.079960063856,0.01,-1.418
MLI,Mali,Country/Area,2025,32.2127137183989,8117.22406914178,17081.5969308582,4.7689,1.9957
MLT,Malta,Country/Area,2025,95.6805856649593,521.846698245971,23.5583017540288,0.9743,0.3633
MMR,Myanmar,Country/Area,2025,30.5836915476767,16775.3529962219,38075.2950037781,1.1062,0.4106
MNE,Montenegro,Country/Area,2025,65.6085083521036,415.124058811182,217.604941188818,-1.4161,-1.7037
MNG,Mongolia,Country/Area,2025,71.1450719126123,2502.24332423849,1014.85667576151,1.3979,0.5518
MNP,Northern Mariana Islands,Country/Area,2025,92.1765383642716,40.1345865691875,3.40641343081251,-1.4798,-2.9091
MOZ,Mozambique,Country/Area,2025,37.2077944927189,13257.7522225987,22373.9007774013,4.9509,1.5163
MRT,Mauritania,Country/Area,2025,61.4888190537696,3268.17070044024,2046.89429955976,4.1644,0.4641
MSR,Montserrat,Country/Area,2025,8.97999954223633,0.391438180046082,3.96756181995392,-0.6193,-0.6193
MTQ,Martinique,Country/Area,2025,96.8228479543778,329.622735347404,10.8162646525957,-0.7536,-2.4401
MUS,Mauritius,Country/Area,2025,39.0369663368524,495.098036657032,773.181963342968,-0.1787,-0.2843
MWI,Malawi,Country/Area,2025,17.5949868386317,3908.92339005462,18307.1966099454,4.4835,2.12
MYS,Malaysia,Country/Area,2025,77.3948812296229,27845.0049890861,8132.83301091387,1.7695,-0.9744
MYT,Mayotte,Country/Area,2025,94.4440571329473,318.286861384317,18.724138615683,3.1448,2.6453
NAM,Namibia,Country/Area,2025,50.8666984399326,1573.21338802199,1519.60261197801,2.8808,1.0592
NCL,New Caledonia,Country/Area,2025,68.1717888335577,201.333789115811,93.999210884189,1.234,0.1717
NER,Niger,Country/Area,2025,18.3740697195469,5129.64173212528,22788.1892678747,5.0245,2.7787
NGA,Nigeria,Country/Area,2025,63.7754180467872,151484.335947761,86043.4460522386,3.3079,-0.1521
NIC,Nicaragua,Country/Area,2025,59.4435892957332,4165.51070877029,2841.99129122971,1.6106,0.8268
NIU,Niue,Country/Area,2025,37.1935512246689,0.676922632288974,1.14307736771103,0.7945,-0.7329
NLD,Netherlands,Country/Area,2025,95.9385903481191,17601.6795223209,745.139477679117,0.9005,-6.5377
NOR,Norway,Country/Area,2025,83.5705787708326,4699.23297939484,923.838020605156,0.9861,-0.7882
NPL,Nepal,Country/Area,2025,66.999424884859,19843.9687217189,9774.1492782811,0.2695,-0.7527
NRU,Nauru,Country/Area,2025,100,12.025,0,0.6237,
NZL,New Zealand,Country/Area,2025,83.9978515774731,4411.48232701879,840.416672981206,0.7791,0.2716
OMN,Oman,Country/Area,2025,79.4781383307689,4367.07811382831,1127.61288617169,3.5903,3.2589
PAK,Pakistan,Country/Area,2025,39.5256010979606,100877.062838034,154342.491161966,2.4688,0.9999
PAN,Panama,Country/Area,2025,66.1500999418126,3023.84609202914,1547.34290797086,1.4595,0.7052
PER,Peru,Country/Area,2025,85.5963484845463,29596.3626677342,4980.30233226585,1.4871,-1.7752
PHL,Philippines,Country/Area,2025,55.7732907605332,65135.9318866534,51651.0301133466,1.3757,0.0877
PLW,Palau,Country/Area,2025,79.2835934246556,14.0038611065969,3.65913889340308,-0.1383,-0.6461
PNG,Papua New Guinea,Country/Area,2025,15.7797448680276,1698.3450632127,9064.4719367873,4.1728,1.2673
POL,Poland,Country/Area,2025,60.0853330309371,22917.09279453,15223.81720547,-0.9679,-1.5089
PRI,Puerto Rico,Country/Area,2025,94.3404836598892,3052.18729039519,183.101709604808,-0.2174,-1.9311
PRK,Dem. People's Republic of Korea,Country/Area,2025,64.1897858311258,17055.8911015113,9515.14489848866,0.7769,-0.6843
PRT,Portugal,Country/Area,2025,61.4953199318985,6402.79062907819,4009.04337092182,0.1511,-0.6455
PRY,Paraguay,Country/Area,2025,70.3897639855864,4936.48905232508,2076.58894767492,1.9303,-0.588
PSE,State of Palestine,Country/Area,2025,87.3818962963393,4884.31857321633,705.30442678367,2.0595,-0.3212
PYF,French Polynesia,Country/Area,2025,61.7583766473831,174.445798597031,108.019201402969,0.302,0.101
QAT,Qatar,Country/Area,2025,99.3593427696312,3095.92583823781,19.9621617621942,2.0586,-3.7217
REU,Réunion,Country/Area,2025,97.2537224704773,858.17268230284,24.2333176971601,0.4386,0.1433
ROU,Romania,Country/Area,2025,52.1728885041698,9865.1888821437,9043.4611178563,-0.5546,-0.5824
RUS,Russian Federation,Country/Area,2025,75.2506636608215,108358.993886781,35638.3991132187,-0.4189,-1.1836
RWA,Rwanda,Country/Area,2025,30.9133840928162,4503.87603398831,10065.4639660117,5.5522,0.7458
SAU,Saudi Arabia,Country/Area,2025,84.6123121062185,29247.3693310192,5318.95866898081,1.9318,0.7356
SDN,Sudan,Country/Area,2025,34.9349444966605,18048.1427295826,33614.0052704174,3.3353,3.0456
SEN,Senegal,Country/Area,2025,55.7672494455246,10557.8367041619,8374.12929583809,3.227,1.0922
SGP,Singapore,Country/Area,2025,100,5870.75,0,0.6281,0
SHN,Saint Helena,Country/Area,2025,37.2330100818205,1.93499953395221,3.26200046604779,-0.9168,-0.6518
SLB,Solomon Islands,Country/Area,2025,31.3093190325418,262.57435169365,576.07164830635,4.3942,1.3957
SLE,Sierra Leone,Country/Area,2025,45.9267781356681,4050.64722240297,4769.14677759703,3.2504,0.9572
SLV,El Salvador,Country/Area,2025,75.5237123209951,4807.46417350431,1558.03882649569,1.0131,-1.4441
SMR,San Marino,Country/Area,2025,97.1870254171573,32.6276281730481,0.944371826951951,0.1395,-1.1135
SOM,Somalia,Country/Area,2025,55.1399062872976,10837.6046656129,8817.13433438707,4.2052,2.1418
SPM,Saint Pierre and Miquelon,Country/Area,2025,90.1693381084579,5.02603890616544,0.547961093834557,-0.9669,-1.5347
SRB,Serbia,Country/Area,2025,62.6379872799333,4189.87939796978,2499.15960203022,-0.3267,-1.4578
SSD,South Sudan,Country/Area,2025,21.6843599017401,2643.06065758011,9545.72734241989,3.4277,1.6034
STP,Sao Tome and Principe,Country/Area,2025,69.1721865415984,166.188945053652,74.0650549463481,2.4301,0.9362
SUR,Suriname,Country/Area,2025,65.7886836406706,420.948892274831,218.901107725169,0.9046,0.7566
SVK,Slovakia,Country/Area,2025,53.1940341971169,2912.31007139146,2562.57092860854,-0.6916,-0.702
SVN,Slovenia,Country/Area,2025,55.9906997845822,1185.36342774345,931.70857225655,0.3267,-0.6512
SWE,Sweden,Country/Area,2025,89.0778677789555,9492.70145342854,1163.93154657146,0.6924,-1.5725
SWZ,Eswatini,Country/Area,2025,26.7213709706525,335.666914576884,920.507085423116,2.9084,0.4248
SXM,Sint Maarten (Dutch part),Country/Area,2025,100,43.923,0,1.2659,0
SYC,Seychelles,Country/Area,2025,45.4828390704609,60.3916588893673,72.3873411106327,2.1545,1.3758
SYR,Syrian Arab Republic,Country/Area,2025,72.0836286208518,18468.1334497564,7152.29355024356,3.5269,3.4648
TCA,Turks and Caicos Islands,Country/Area,2025,94.3959450720822,44.2292200635241,2.62577993647589,0.903,-3.3668
TCD,Chad,Country/Area,2025,27.5658786336865,5789.85582887754,15213.8491711225,4.9879,1.7288
TGO,Togo,Country/Area,2025,44.3949892074399,4315.90682238961,5405.70117761039,3.4576,1.0699
THA,Thailand,Country/Area,2025,62.7993377136296,44976.7996354088,26643.0633645912,1.4018,-2.5687
TJK,Tajikistan,Country/Area,2025,26.16476270853,2822.32335510033,7964.41064489967,1.7294,1.8126
TKL,Tokelau,Country/Area,2025,0,0,2.608,0,3.6814
TKM,Turkmenistan,Country/Area,2025,47.1053608253747,3588.88584113684,4029.96215886316,1.6274,1.5559
TLS,Timor-Leste,Country/Area,2025,28.7864318960935,408.340430139509,1010.17656986049,1.7812,1.0552
TON,Tonga,Country/Area,2025,21.1561406217448,21.9478034038105,81.7941965961895,-0.4076,-0.453
TTO,Trinidad and Tobago,Country/Area,2025,53.9696087417106,815.564440980797,695.590559019203,0.1953,0.1583
TUN,Tunisia,Country/Area,2025,70.7029326009864,8730.80324537361,3617.7697546264,1.0567,-0.6366
TUR,Türkiye,Country/Area,2025,89.494060002186,78473.2477576124,9212.1782423876,0.4223,-1.2205
TUV,Tuvalu,Country/Area,2025,65.4480709525093,6.21233089481218,3.27966910518782,-0.4062,-3.6216
TWN,"China, Taiwan Province of China",Country/Area,2025,78.9226512869076,18241.2290220548,4871.56397794521,-0.4152,-0.5327
TZA,United Republic of Tanzania,Country/Area,2025,36.8833115936643,26019.6512043958,44526.2137956042,4.8151,1.6951
UGA,Uganda,Country/Area,2025,31.9399557536617,16412.312407666,34972.581592334,4.7307,1.7079
UKR,Ukraine,Country/Area,2025,69.5954924645764,27128.5846417435,11851.7913582565,3.6955,3.375
URY,Uruguay,Country/Area,2025,95.6537192104085,3237.57995566839,147.108044331609,-0.0008,-1.3524
USA,United States of America,Country/Area,2025,80.1921733027869,278488.017790014,68787.7902099865,0.6125,0.1437
UZB,Uzbekistan,Country/Area,2025,51.0173495084299,18903.6768676144,18149.7511323856,1.8991,1.7705
VAT,Holy See,Country/Area,2025,100,0.501,0,0.5982,0
VCT,Saint Vincent and the Grenadines,Country/Area,2025,47.9810480381821,47.9445824416731,51.9794175583269,-0.407,-0.9385
VEN,Venezuela (Bolivarian Republic of),Country/Area,2025,89.3219112298988,25471.8365306426,3045.05946935744,0.4382,0.0612
VGB,British Virgin Islands,Country/Area,2025,57.3951909813643,22.8042572807157,16.9277427192843,2.1548,-1.5208
VIR,United States Virgin Islands,Country/Area,2025,95.388579075538,80.2580426625762,3.87995733742383,-0.8157,-2.1222
VNM,Viet Nam,Country/Area,2025,38.8299160351294,39450.6227270283,62147.9042729717,1.4582,0.0348
VUT,Vanuatu,Country/Area,2025,22.3219888836722,74.8163869215153,260.352613078485,2.402,2.1514
WLF,Wallis and Futuna Islands,Country/Area,2025,0,0,11.194,0,-0.7325
WSM,Samoa,Country/Area,2025,17.5063874123422,38.3925579785112,180.913442021489,0.5824,0.5502
XKX,Kosovo (under UNSC res. 1244),Country/Area,2025,50.9260971650398,852.566524164223,821.558475835777,0.6646,-1.7938
YEM,Yemen,Country/Area,2025,37.0336664607078,15470.398646223,26303.479353777,3.4433,2.4978
ZAF,South Africa,Country/Area,2025,63.8154011002522,41318.7613215098,23428.5576784902,1.3193,0.7536
ZMB,Zambia,Country/Area,2025,45.9171510161461,10062.226618068,11851.647381932,3.731,1.9207
ZWE,Zimbabwe,Country/Area,2025,40.4951287431452,6864.24625823662,10086.5487417634,3.3794,0.8814
